{"settings":{"Skybox":{"FRONT":"802f3ca0-265d-4f90-8ed7-6a3109d1e32e","BACK":"d52659ae-e44f-486f-bc16-78bbf61b2c6a","LEFT":"50d2018a-0a44-4a09-a882-d5e37fc3d36d","RIGHT":"852b6b21-0200-47d1-a459-befb110316fa","TOP":"d8b5139a-57c9-4891-b0f8-42e33933ee25","BOTTOM":"10630f90-d570-442d-b228-8e916c04158e"},"User Settings":{"Movement Speed":3,"Enable Flying":true,"User Scale":1,"Swap Joysticks":false},"Acknowledgements":[]},"version":"0.1.2","components":{},"custom_assets":{},"audios":{},"images":{},"lights":{"944a6b29-05d2-47d9-9b33-60e7a3e18b7d":[{"id":"2b44dda3-34a6-4c0a-8df6-97a19267addf","name":"Sun Light","assetId":"944a6b29-05d2-47d9-9b33-60e7a3e18b7d","components":[],"position":[0,6.82896,139.42825],"rotation":[0,0.90304,0,"XYZ"],"scale":[1,1,1],"visualEdit":true,"color":16777214,"intensity":20000,"distance":0,"decay":2}],"7605bff2-8ca3-4a47-b6f7-311d745507de":[{"id":"52d09be7-aeb4-4bdd-84c4-2e0dee46be1e","name":"Ambient Light","assetId":"7605bff2-8ca3-4a47-b6f7-311d745507de","components":[],"position":[0,0,0],"rotation":[0,0,0,"XYZ"],"scale":[1,1,1],"visualEdit":false,"color":16777215,"intensity":2}]},"materials":{"a6a1aa81-50a6-4773-aaf5-446d418c9817":[{"id":"63db2d8d-5fbb-4c2d-8eff-c32bd24891a0","name":"Lambert Material","assetId":"a6a1aa81-50a6-4773-aaf5-446d418c9817","components":[],"opacity":1,"side":2,"transparent":false,"bumpScale":1,"color":15132648,"displacementScale":1,"displacementBias":0,"emissive":0,"emissiveIntensity":1,"envMapIntensity":1,"flatShading":false,"metalness":0,"normalMapType":0,"normalScale":[1,1],"roughness":1,"wireframe":false},{"id":"3fbb1a46-4e37-4279-a227-3dfdb1877d8e","name":"Walls","assetId":"a6a1aa81-50a6-4773-aaf5-446d418c9817","components":[],"opacity":0.75,"side":2,"transparent":false,"bumpScale":1,"color":16711678,"displacementScale":1,"displacementBias":0,"emissive":0,"emissiveIntensity":1,"envMapIntensity":1,"flatShading":false,"metalness":0,"normalMapType":0,"normalScale":[1,1],"roughness":1,"wireframe":false},{"id":"ad5ca846-393e-4fed-b4f1-cc6d8ad3d2d5","name":"Lambert Material","assetId":"a6a1aa81-50a6-4773-aaf5-446d418c9817","components":[],"opacity":1,"side":2,"transparent":false,"bumpScale":1,"color":16383483,"displacementScale":1,"displacementBias":0,"emissive":0,"emissiveIntensity":1,"envMapIntensity":1,"flatShading":false,"map":"13b7468b-e189-44f3-865b-c408514f9277","metalness":0,"normalMapType":0,"normalScale":[1,1],"roughness":1,"wireframe":false},{"id":"b892bc99-b41a-4d78-9dbb-891343f3a82e","name":"Stone Wall","assetId":"a6a1aa81-50a6-4773-aaf5-446d418c9817","components":[],"opacity":1,"side":0,"transparent":false,"bumpScale":1,"color":16711678,"displacementScale":1,"displacementBias":0,"emissive":0,"emissiveIntensity":1,"envMapIntensity":1,"flatShading":false,"map":"4d546b19-aeda-4053-a9a0-61bac1b4355e","metalness":0,"normalMapType":0,"normalScale":[1,1],"roughness":1,"wireframe":false},{"id":"c86a7e24-4527-4a47-a917-7e8319a6d15a","name":"Ceiling","assetId":"a6a1aa81-50a6-4773-aaf5-446d418c9817","components":[],"opacity":0.5,"side":2,"transparent":true,"bumpScale":1,"color":257,"displacementScale":1,"displacementBias":0,"emissive":0,"emissiveIntensity":1,"envMapIntensity":1,"flatShading":false,"metalness":0,"normalMapType":0,"normalScale":[1,1],"roughness":1,"wireframe":false}]},"models":{},"shapes":{"0a0c7c21-d834-4a88-9234-0d9b5cf705f6":[{"id":"1a485c1e-aa97-42c1-b601-266ac7a0bf81","name":"Floor","assetId":"0a0c7c21-d834-4a88-9234-0d9b5cf705f6","components":[],"position":[0,0,0],"rotation":[4.71238898038469,0,0,"XYZ"],"scale":[1,1,1],"visualEdit":false,"material":"63db2d8d-5fbb-4c2d-8eff-c32bd24891a0","radius":4,"segments":64,"thetaLength":360},{"id":"b922c607-3326-414b-b569-8ca0686ce9e9","name":"Ceiling","assetId":"0a0c7c21-d834-4a88-9234-0d9b5cf705f6","components":[],"position":[0,5.6,0],"rotation":[1.5707963267948966,0,0,"XYZ"],"scale":[1,1,1],"visualEdit":false,"material":"c86a7e24-4527-4a47-a917-7e8319a6d15a","radius":10,"segments":64,"thetaLength":360}],"534f29c3-1e85-4510-bb84-459011de6722":[{"id":"d3baf996-e668-4de8-a759-89b01f5d3b5b","name":"Floor 2","assetId":"534f29c3-1e85-4510-bb84-459011de6722","components":[],"position":[0,0.2,0],"rotation":[1.5707963267948966,0,0,"XYZ"],"scale":[1,1,1],"visualEdit":false,"material":"63db2d8d-5fbb-4c2d-8eff-c32bd24891a0","innerRadius":4,"outerRadius":6,"thetaSegments":64,"phiSegments":1,"thetaLength":360},{"id":"2b43cb57-84f5-49e3-97b9-8428b1129cb9","name":"Floor 3","assetId":"534f29c3-1e85-4510-bb84-459011de6722","components":[],"position":[0,0.4,0],"rotation":[1.5707963267948966,0,0,"XYZ"],"scale":[1,1,1],"visualEdit":false,"material":"63db2d8d-5fbb-4c2d-8eff-c32bd24891a0","innerRadius":6,"outerRadius":8,"thetaSegments":64,"phiSegments":1,"thetaLength":360},{"id":"9564a3d3-26af-4af4-96a6-93406b764b9f","name":"Floor 4","assetId":"534f29c3-1e85-4510-bb84-459011de6722","components":[],"position":[0,0.6,0],"rotation":[1.5707963267948966,0,0,"XYZ"],"scale":[1,1,1],"visualEdit":false,"material":"63db2d8d-5fbb-4c2d-8eff-c32bd24891a0","innerRadius":8,"outerRadius":10,"thetaSegments":64,"phiSegments":1,"thetaLength":360},{"id":"980b5ac9-3d0c-49fd-a819-db16ab600ad7","name":"Outside Floor","assetId":"534f29c3-1e85-4510-bb84-459011de6722","components":[],"position":[0,0.6,0],"rotation":[1.5707963267948966,0,0,"XYZ"],"scale":[1,1,1],"visualEdit":false,"material":"ad5ca846-393e-4fed-b4f1-cc6d8ad3d2d5","innerRadius":10,"outerRadius":20,"thetaSegments":64,"phiSegments":1,"thetaLength":360}],"f4efc996-0d50-48fe-9313-3c7b1a5c1754":[{"id":"8db0541f-6c4d-4fc0-a378-78dcd03be972","name":"Step 1","assetId":"f4efc996-0d50-48fe-9313-3c7b1a5c1754","components":[],"position":[0,0.1,0],"rotation":[0,0,0,"XYZ"],"scale":[1,1,1],"visualEdit":false,"material":"63db2d8d-5fbb-4c2d-8eff-c32bd24891a0","height":0.2,"radiusTop":4,"radiusBottom":4,"radialSegments":64,"heightSegments":1,"thetaLength":360,"openEnded":true},{"id":"66858248-eb2c-4dc1-8163-dad9535a6b28","name":"Step 2","assetId":"f4efc996-0d50-48fe-9313-3c7b1a5c1754","components":[],"position":[0,0.3,0],"rotation":[-3.14159,0.37781,3.14159,"XYZ"],"scale":[1,1,1],"visualEdit":false,"material":"63db2d8d-5fbb-4c2d-8eff-c32bd24891a0","height":0.2,"radiusTop":6,"radiusBottom":6,"radialSegments":64,"heightSegments":1,"thetaLength":360,"openEnded":true},{"id":"5234a822-68a8-4dd9-96a2-09a13c90bc7d","name":"Step 3","assetId":"f4efc996-0d50-48fe-9313-3c7b1a5c1754","components":[],"position":[0,0.5,0],"rotation":[0,0,0,"XYZ"],"scale":[1,1,1],"visualEdit":false,"material":"63db2d8d-5fbb-4c2d-8eff-c32bd24891a0","height":0.2,"radiusTop":8,"radiusBottom":8,"radialSegments":64,"heightSegments":1,"thetaLength":360,"openEnded":true},{"id":"8a45c03a-078f-4dd2-a4eb-c92dab788d7c","name":"Walls 1","assetId":"f4efc996-0d50-48fe-9313-3c7b1a5c1754","components":[],"position":[0,3.1,0],"rotation":[0,0,0,"XYZ"],"scale":[1,1,1],"visualEdit":false,"material":"3fbb1a46-4e37-4279-a227-3dfdb1877d8e","height":5,"radiusTop":10,"radiusBottom":10,"radialSegments":64,"heightSegments":1,"thetaLength":65,"openEnded":true},{"id":"feb0030e-edd8-41dc-bb02-287b403bb130","name":"Walls 2","assetId":"f4efc996-0d50-48fe-9313-3c7b1a5c1754","components":[],"position":[0,3.1,0],"rotation":[0,1.5707963267948966,0,"XYZ"],"scale":[1,1,1],"visualEdit":false,"material":"3fbb1a46-4e37-4279-a227-3dfdb1877d8e","height":5,"radiusTop":10,"radiusBottom":10,"radialSegments":64,"heightSegments":1,"thetaLength":65,"openEnded":true},{"id":"97988bd4-4820-497b-a4f4-65dafacafc5a","name":"Walls 3","assetId":"f4efc996-0d50-48fe-9313-3c7b1a5c1754","components":[],"position":[0,3.1,0],"rotation":[0,3.141592653589793,0,"XYZ"],"scale":[1,1,1],"visualEdit":false,"material":"3fbb1a46-4e37-4279-a227-3dfdb1877d8e","height":5,"radiusTop":10,"radiusBottom":10,"radialSegments":64,"heightSegments":1,"thetaLength":65,"openEnded":true},{"id":"14780f0e-5c77-471e-b627-6b03c2478222","name":"Walls 4","assetId":"f4efc996-0d50-48fe-9313-3c7b1a5c1754","components":[],"position":[0,3.1,0],"rotation":[0,4.71238898038469,0,"XYZ"],"scale":[1,1,1],"visualEdit":false,"material":"3fbb1a46-4e37-4279-a227-3dfdb1877d8e","height":5,"radiusTop":10,"radiusBottom":10,"radialSegments":64,"heightSegments":1,"thetaLength":65,"openEnded":true}],"6b8bcbf1-49b0-42ce-9d60-9a7db6e425bf":[{"id":"824a44f1-406b-49d8-b331-85467a3ac681","name":"Step","assetId":"6b8bcbf1-49b0-42ce-9d60-9a7db6e425bf","components":[],"position":[0,0.6,0],"rotation":[1.5707963267948966,0,1.5707963267948966,"XYZ"],"scale":[1,1,1],"visualEdit":false,"material":"3fbb1a46-4e37-4279-a227-3dfdb1877d8e","radius":10,"tube":0.1,"radialSegments":4,"tubularSegments":64,"arc":360},{"id":"e1e621e2-f2bb-468c-a2fb-88dc2426123f","name":"Stone Wall","assetId":"6b8bcbf1-49b0-42ce-9d60-9a7db6e425bf","components":[],"position":[0,0.6,0],"rotation":[1.5708,0,1.5708,"XYZ"],"scale":[1,1,1],"visualEdit":false,"material":"b892bc99-b41a-4d78-9dbb-891343f3a82e","radius":20,"tube":1,"radialSegments":32,"tubularSegments":32,"arc":360}]},"systems":{},"textures":{"95f63d4b-06d1-4211-912b-556b6ce7bf5f":[{"id":"13b7468b-e189-44f3-865b-c408514f9277","name":"Texture","assetId":"95f63d4b-06d1-4211-912b-556b6ce7bf5f","components":[],"colorSpace":"srgb","image":"4f93e3b1-3d88-4e3c-8b04-76c4cb2043fa","wrapS":1000,"wrapT":1000,"repeat":[10,10],"offset":[0,0]},{"id":"4d546b19-aeda-4053-a9a0-61bac1b4355e","name":"Stone Wall","assetId":"95f63d4b-06d1-4211-912b-556b6ce7bf5f","components":[],"colorSpace":"srgb","image":"4f93e3b1-3d88-4e3c-8b04-76c4cb2043fa","wrapS":1000,"wrapT":1000,"repeat":[20,1],"offset":[0,0]}]},"library":{"4f93e3b1-3d88-4e3c-8b04-76c4cb2043fa":{"Name":"Cobblestone.jpg","Type":"IMAGE","Filepath":"assets/4f93e3b1-3d88-4e3c-8b04-76c4cb2043fa/Cobblestone.jpg"},"802f3ca0-265d-4f90-8ed7-6a3109d1e32e":{"Name":"skybox front.jpg","Type":"IMAGE","Filepath":"assets/802f3ca0-265d-4f90-8ed7-6a3109d1e32e/skybox front.jpg"},"d52659ae-e44f-486f-bc16-78bbf61b2c6a":{"Name":"skybox back.jpg","Type":"IMAGE","Filepath":"assets/d52659ae-e44f-486f-bc16-78bbf61b2c6a/skybox back.jpg"},"50d2018a-0a44-4a09-a882-d5e37fc3d36d":{"Name":"skybox left.jpg","Type":"IMAGE","Filepath":"assets/50d2018a-0a44-4a09-a882-d5e37fc3d36d/skybox left.jpg"},"852b6b21-0200-47d1-a459-befb110316fa":{"Name":"skybox right.jpg","Type":"IMAGE","Filepath":"assets/852b6b21-0200-47d1-a459-befb110316fa/skybox right.jpg"},"d8b5139a-57c9-4891-b0f8-42e33933ee25":{"Name":"skybox up.jpg","Type":"IMAGE","Filepath":"assets/d8b5139a-57c9-4891-b0f8-42e33933ee25/skybox up.jpg"},"10630f90-d570-442d-b228-8e916c04158e":{"Name":"skybox down.jpg","Type":"IMAGE","Filepath":"assets/10630f90-d570-442d-b228-8e916c04158e/skybox down.jpg"}}}